filename,xmin,ymin,xmax,ymax
6.jpg,291.979,239.23145,328.39105,285.83597
1.jpg,433.0165,137.60071,481.92157,182.54164
4.jpg,325.5151,74.70008,359.89975,107.83564
7.jpg,291.8747,111.41578,327.9995,159.90074
8.jpg,565.5249,446.8962,621.16187,501.05368
2.jpg,1476.1116,360.3248,1593.452,458.5235
5.jpg,282.55692,226.73013,333.63242,272.7547
9.jpg,75.47014,290.61218,120.49541,330.1366
3.jpg,985.83997,356.30154,1086.7635,438.88327
