filename,xmin,ymin,xmax,ymax
6.jpg,369.20132,171.964,408.43628,216.06364
1.jpg,408.62878,368.0724,450.33795,411.06815
4.jpg,332.79846,252.07112,367.7639,292.3509
7.jpg,303.85928,253.03723,327.66177,293.87564
8.jpg,648.57776,621.87274,705.18304,677.0672
2.jpg,1196.3073,651.6178,1298.1781,733.61035
5.jpg,246.10608,168.92056,279.62677,200.21587
9.jpg,358.49768,272.75217,397.7149,314.34943
3.jpg,978.0975,535.45496,1047.5459,585.01624
