filename,xmin,ymin,xmax,ymax
6.jpg,332.74463,476.33023,368.19592,517.52985
1.jpg,266.92584,253.24545,310.42368,290.91736
4.jpg,321.50406,114.54506,353.1022,141.99655
7.jpg,401.07858,416.94565,433.42496,462.34253
8.jpg,678.6793,313.02496,735.88916,367.46213
2.jpg,532.2095,693.26025,655.25696,789.83014
5.jpg,291.88977,179.99359,336.2263,224.74115
9.jpg,476.7071,138.1164,516.3487,177.82956
3.jpg,692.0244,261.92337,783.4751,331.43683
