filename,xmin,ymin,xmax,ymax
6.jpg,317.7287,327.75156,331.76993,357.8577
1.jpg,313.6819,305.54834,375.94388,335.3838
4.jpg,184.08894,324.63498,204.29295,357.18195
7.jpg,283.93048,461.83072,296.86987,478.4907
8.jpg,670.6129,675.0686,751.9296,711.1657
2.jpg,883.85046,928.5506,1009.0073,986.69794
5.jpg,509.78528,167.79976,562.1829,223.56627
9.jpg,382.30966,396.852,437.17044,443.4783
3.jpg,654.9904,762.18097,749.4361,815.674
