filename,xmin,ymin,xmax,ymax
8.jpg,47.064144,37.169506,84.28592,81.09324
9.jpg,47.053574,37.17307,84.27932,81.09713
4.jpg,47.057076,37.160175,84.260765,81.07242
5.jpg,46.966454,37.09332,84.10727,80.92431
7.jpg,46.898354,37.037605,83.99389,80.814064
6.jpg,47.074448,37.17158,84.302284,81.1155
2.jpg,46.873863,37.02032,83.93491,80.75305
3.jpg,47.114525,37.211433,84.38004,81.18419
1.jpg,47.115364,37.21533,84.38473,81.19512
