filename,xmin,ymin,xmax,ymax
6.jpg,312.32825,336.3655,343.39697,368.44263
1.jpg,66.500374,332.3021,99.97952,352.22464
4.jpg,182.93039,292.13766,202.88023,308.97583
7.jpg,146.44739,302.99487,171.38908,322.95367
8.jpg,239.0823,598.5312,298.9437,635.9241
2.jpg,838.4641,857.3375,941.28125,896.0425
5.jpg,283.14993,449.73383,326.3521,478.5064
9.jpg,236.20598,443.72443,285.31488,473.12366
3.jpg,713.91943,388.24152,773.9169,421.56482
