filename,xmin,ymin,xmax,ymax
6.jpg,699.23895,407.24246,700.0,689.2796
4.jpg,397.91504,535.75244,446.31744,535.996
7.jpg,481.83,495.6575,501.73038,520.1792
8.jpg,1036.8297,811.5121,1085.0371,852.8952
5.jpg,754.8293,699.8443,811.6927,701.9184
9.jpg,553.5786,647.5329,610.61163,647.98846
