filename,xmin,ymin,xmax,ymax
8.jpg,541.12616,410.55585,589.3815,441.67966
9.jpg,329.08575,244.87912,358.4502,263.47345
4.jpg,284.21338,213.93918,309.56516,230.15465
5.jpg,343.9823,261.55725,374.697,281.4667
7.jpg,297.52673,335.36923,323.96838,360.3471
6.jpg,265.7265,274.5673,289.4495,295.4799
2.jpg,979.0618,663.97833,1066.4487,714.46
3.jpg,656.7625,426.09592,715.3269,458.30148
1.jpg,355.27637,256.5508,387.00958,276.13306
