filename,xmin,ymin,xmax,ymax
6.jpg,505.9747,663.57166,591.31836,780.45355
1.jpg,121.68205,146.88896,161.04744,187.95445
4.jpg,12.751,16.518187,16.898582,21.033913
7.jpg,212.63612,289.53745,236.8101,343.19763
8.jpg,118.36259,103.25554,132.31183,119.6857
2.jpg,806.244,625.21954,894.4835,728.63135
5.jpg,6.612009,6.409079,7.493907,7.2232633
9.jpg,321.56873,289.84204,365.76404,339.9603
3.jpg,361.93192,265.82956,413.64926,305.9843
